[{"__symbolic":"module","version":4,"metadata":{"geospark":{"__symbolic":"class","extends":{"__symbolic":"reference","module":"@ionic-native/core","name":"IonicNativePlugin","line":11,"character":30},"decorators":[{"__symbolic":"call","expression":{"__symbolic":"reference","module":"@angular/core","name":"Injectable","line":10,"character":1}}],"members":{"disableBatteryOptimization":[{"__symbolic":"method"}],"isBatteryOptimizationEnabled":[{"__symbolic":"method"}],"checkActivityPermission":[{"__symbolic":"method"}],"requestActivityPermission":[{"__symbolic":"method"}],"checkLocationPermission":[{"__symbolic":"method"}],"requestLocationPermission":[{"__symbolic":"method"}],"checkLocationServices":[{"__symbolic":"method"}],"requestLocationServices":[{"__symbolic":"method"}],"checkBackgroundLocationPermission":[{"__symbolic":"method"}],"requestBackgroundLocationPermission":[{"__symbolic":"method"}],"getDeviceToken":[{"__symbolic":"method"}],"createUser":[{"__symbolic":"method"}],"setDescription":[{"__symbolic":"method"}],"getUser":[{"__symbolic":"method"}],"toggleEvents":[{"__symbolic":"method"}],"getEventsStatus":[{"__symbolic":"method"}],"startTrip":[{"__symbolic":"method"}],"resumeTrip":[{"__symbolic":"method"}],"pauseTrip":[{"__symbolic":"method"}],"endTrip":[{"__symbolic":"method"}],"activeTrips":[{"__symbolic":"method"}],"getCurrentLocation":[{"__symbolic":"method"}],"updateCurrentLocation":[{"__symbolic":"method"}],"startTracking":[{"__symbolic":"method"}],"stopTracking":[{"__symbolic":"method"}],"isLocationTracking":[{"__symbolic":"method"}],"logout":[{"__symbolic":"method"}],"setTrackingInAppState":[{"__symbolic":"method"}],"setTrackingInMotion":[{"__symbolic":"method"}],"onEvents":[{"__symbolic":"method"}],"onError":[{"__symbolic":"method"}],"offEvents":[{"__symbolic":"method"}],"offError":[{"__symbolic":"method"}]}}}}]
